{
    "searchCoords": {
        "x": 11,
        "y": 51.5
    },
    "pingCoords": {
        "x": 844.5,
        "y": 140.13973999023438
    },
    "tpsCoords": {
        "x": 844.5,
        "y": 150.13973999023438
    },
    "fpsCoords": {
        "x": 844.5,
        "y": 129.63973999023438
    }
}